run_dir,problem,number_of_variables,number_of_eval,population_size,offspring_population_size,number_of_islands,migrant_selection_strategy,migration_interval,number_of_emigrants,island,step,evaluation,best_fitness,island_best_so_far,global_best_at_evaluation,global_best_so_far
C:\Users\piotr\UMISI\bielaszek\islandsEA_student_fork\islands_desync\logs\smoke_descrete_random_topologies\Trp520\s0001 12wr-co12ilu1,Trp5,20,96,8,4,12,worst,12,1,0,1,12,-11.0,-11.0,-14.0,-14.0
C:\Users\piotr\UMISI\bielaszek\islandsEA_student_fork\islands_desync\logs\smoke_descrete_random_topologies\Trp520\s0001 12wr-co12ilu1,Trp5,20,96,8,4,12,worst,12,1,0,2,16,-11.0,-11.0,-14.0,-14.0
C:\Users\piotr\UMISI\bielaszek\islandsEA_student_fork\islands_desync\logs\smoke_descrete_random_topologies\Trp520\s0001 12wr-co12ilu1,Trp5,20,96,8,4,12,worst,12,1,0,3,20,-12.0,-12.0,-16.0,-16.0
C:\Users\piotr\UMISI\bielaszek\islandsEA_student_fork\islands_desync\logs\smoke_descrete_random_topologies\Trp520\s0001 12wr-co12ilu1,Trp5,20,96,8,4,12,worst,12,1,0,4,24,-13.0,-13.0,-16.0,-16.0
C:\Users\piotr\UMISI\bielaszek\islandsEA_student_fork\islands_desync\logs\smoke_descrete_random_topologies\Trp520\s0001 12wr-co12ilu1,Trp5,20,96,8,4,12,worst,12,1,0,5,28,-13.0,-13.0,-16.0,-16.0
C:\Users\piotr\UMISI\bielaszek\islandsEA_student_fork\islands_desync\logs\smoke_descrete_random_topologies\Trp520\s0001 12wr-co12ilu1,Trp5,20,96,8,4,12,worst,12,1,0,6,32,-13.0,-13.0,-16.0,-16.0
C:\Users\piotr\UMISI\bielaszek\islandsEA_student_fork\islands_desync\logs\smoke_descrete_random_topologies\Trp520\s0001 12wr-co12ilu1,Trp5,20,96,8,4,12,worst,12,1,0,7,36,-13.0,-13.0,-16.0,-16.0
C:\Users\piotr\UMISI\bielaszek\islandsEA_student_fork\islands_desync\logs\smoke_descrete_random_topologies\Trp520\s0001 12wr-co12ilu1,Trp5,20,96,8,4,12,worst,12,1,0,8,40,-13.0,-13.0,-18.0,-18.0
C:\Users\piotr\UMISI\bielaszek\islandsEA_student_fork\islands_desync\logs\smoke_descrete_random_topologies\Trp520\s0001 12wr-co12ilu1,Trp5,20,96,8,4,12,worst,12,1,0,9,44,-13.0,-13.0,-18.0,-18.0
C:\Users\piotr\UMISI\bielaszek\islandsEA_student_fork\islands_desync\logs\smoke_descrete_random_topologies\Trp520\s0001 12wr-co12ilu1,Trp5,20,96,8,4,12,worst,12,1,0,10,48,-13.0,-13.0,-18.0,-18.0
C:\Users\piotr\UMISI\bielaszek\islandsEA_student_fork\islands_desync\logs\smoke_descrete_random_topologies\Trp520\s0001 12wr-co12ilu1,Trp5,20,96,8,4,12,worst,12,1,0,11,52,-15.0,-15.0,-18.0,-18.0
C:\Users\piotr\UMISI\bielaszek\islandsEA_student_fork\islands_desync\logs\smoke_descrete_random_topologies\Trp520\s0001 12wr-co12ilu1,Trp5,20,96,8,4,12,worst,12,1,0,12,56,-15.0,-15.0,-18.0,-18.0
C:\Users\piotr\UMISI\bielaszek\islandsEA_student_fork\islands_desync\logs\smoke_descrete_random_topologies\Trp520\s0001 12wr-co12ilu1,Trp5,20,96,8,4,12,worst,12,1,0,13,60,-15.0,-15.0,-18.0,-18.0
C:\Users\piotr\UMISI\bielaszek\islandsEA_student_fork\islands_desync\logs\smoke_descrete_random_topologies\Trp520\s0001 12wr-co12ilu1,Trp5,20,96,8,4,12,worst,12,1,0,14,64,-15.0,-15.0,-18.0,-18.0
C:\Users\piotr\UMISI\bielaszek\islandsEA_student_fork\islands_desync\logs\smoke_descrete_random_topologies\Trp520\s0001 12wr-co12ilu1,Trp5,20,96,8,4,12,worst,12,1,0,15,68,-15.0,-15.0,-18.0,-18.0
C:\Users\piotr\UMISI\bielaszek\islandsEA_student_fork\islands_desync\logs\smoke_descrete_random_topologies\Trp520\s0001 12wr-co12ilu1,Trp5,20,96,8,4,12,worst,12,1,0,16,72,-15.0,-15.0,-18.0,-18.0
C:\Users\piotr\UMISI\bielaszek\islandsEA_student_fork\islands_desync\logs\smoke_descrete_random_topologies\Trp520\s0001 12wr-co12ilu1,Trp5,20,96,8,4,12,worst,12,1,0,17,76,-15.0,-15.0,-18.0,-18.0
C:\Users\piotr\UMISI\bielaszek\islandsEA_student_fork\islands_desync\logs\smoke_descrete_random_topologies\Trp520\s0001 12wr-co12ilu1,Trp5,20,96,8,4,12,worst,12,1,0,18,80,-15.0,-15.0,-19.0,-19.0
C:\Users\piotr\UMISI\bielaszek\islandsEA_student_fork\islands_desync\logs\smoke_descrete_random_topologies\Trp520\s0001 12wr-co12ilu1,Trp5,20,96,8,4,12,worst,12,1,0,19,84,-15.0,-15.0,-19.0,-19.0
C:\Users\piotr\UMISI\bielaszek\islandsEA_student_fork\islands_desync\logs\smoke_descrete_random_topologies\Trp520\s0001 12wr-co12ilu1,Trp5,20,96,8,4,12,worst,12,1,0,20,88,-15.0,-15.0,-19.0,-19.0
C:\Users\piotr\UMISI\bielaszek\islandsEA_student_fork\islands_desync\logs\smoke_descrete_random_topologies\Trp520\s0001 12wr-co12ilu1,Trp5,20,96,8,4,12,worst,12,1,0,21,92,-15.0,-15.0,-19.0,-19.0
C:\Users\piotr\UMISI\bielaszek\islandsEA_student_fork\islands_desync\logs\smoke_descrete_random_topologies\Trp520\s0001 12wr-co12ilu1,Trp5,20,96,8,4,12,worst,12,1,0,22,96,-15.0,-15.0,-19.0,-19.0
C:\Users\piotr\UMISI\bielaszek\islandsEA_student_fork\islands_desync\logs\smoke_descrete_random_topologies\Trp520\s0001 12wr-co12ilu1,Trp5,20,96,8,4,12,worst,12,1,1,1,12,-10.0,-10.0,-14.0,-14.0
C:\Users\piotr\UMISI\bielaszek\islandsEA_student_fork\islands_desync\logs\smoke_descrete_random_topologies\Trp520\s0001 12wr-co12ilu1,Trp5,20,96,8,4,12,worst,12,1,1,2,16,-10.0,-10.0,-14.0,-14.0
C:\Users\piotr\UMISI\bielaszek\islandsEA_student_fork\islands_desync\logs\smoke_descrete_random_topologies\Trp520\s0001 12wr-co12ilu1,Trp5,20,96,8,4,12,worst,12,1,1,3,20,-10.0,-10.0,-16.0,-16.0
C:\Users\piotr\UMISI\bielaszek\islandsEA_student_fork\islands_desync\logs\smoke_descrete_random_topologies\Trp520\s0001 12wr-co12ilu1,Trp5,20,96,8,4,12,worst,12,1,1,4,24,-11.0,-11.0,-16.0,-16.0
C:\Users\piotr\UMISI\bielaszek\islandsEA_student_fork\islands_desync\logs\smoke_descrete_random_topologies\Trp520\s0001 12wr-co12ilu1,Trp5,20,96,8,4,12,worst,12,1,1,5,28,-11.0,-11.0,-16.0,-16.0
C:\Users\piotr\UMISI\bielaszek\islandsEA_student_fork\islands_desync\logs\smoke_descrete_random_topologies\Trp520\s0001 12wr-co12ilu1,Trp5,20,96,8,4,12,worst,12,1,1,6,32,-11.0,-11.0,-16.0,-16.0
C:\Users\piotr\UMISI\bielaszek\islandsEA_student_fork\islands_desync\logs\smoke_descrete_random_topologies\Trp520\s0001 12wr-co12ilu1,Trp5,20,96,8,4,12,worst,12,1,1,7,36,-11.0,-11.0,-16.0,-16.0
C:\Users\piotr\UMISI\bielaszek\islandsEA_student_fork\islands_desync\logs\smoke_descrete_random_topologies\Trp520\s0001 12wr-co12ilu1,Trp5,20,96,8,4,12,worst,12,1,1,8,40,-11.0,-11.0,-18.0,-18.0
C:\Users\piotr\UMISI\bielaszek\islandsEA_student_fork\islands_desync\logs\smoke_descrete_random_topologies\Trp520\s0001 12wr-co12ilu1,Trp5,20,96,8,4,12,worst,12,1,1,9,44,-11.0,-11.0,-18.0,-18.0
C:\Users\piotr\UMISI\bielaszek\islandsEA_student_fork\islands_desync\logs\smoke_descrete_random_topologies\Trp520\s0001 12wr-co12ilu1,Trp5,20,96,8,4,12,worst,12,1,1,10,48,-11.0,-11.0,-18.0,-18.0
C:\Users\piotr\UMISI\bielaszek\islandsEA_student_fork\islands_desync\logs\smoke_descrete_random_topologies\Trp520\s0001 12wr-co12ilu1,Trp5,20,96,8,4,12,worst,12,1,1,11,52,-11.0,-11.0,-18.0,-18.0
C:\Users\piotr\UMISI\bielaszek\islandsEA_student_fork\islands_desync\logs\smoke_descrete_random_topologies\Trp520\s0001 12wr-co12ilu1,Trp5,20,96,8,4,12,worst,12,1,1,12,56,-11.0,-11.0,-18.0,-18.0
C:\Users\piotr\UMISI\bielaszek\islandsEA_student_fork\islands_desync\logs\smoke_descrete_random_topologies\Trp520\s0001 12wr-co12ilu1,Trp5,20,96,8,4,12,worst,12,1,1,13,60,-12.0,-12.0,-18.0,-18.0
C:\Users\piotr\UMISI\bielaszek\islandsEA_student_fork\islands_desync\logs\smoke_descrete_random_topologies\Trp520\s0001 12wr-co12ilu1,Trp5,20,96,8,4,12,worst,12,1,1,14,64,-12.0,-12.0,-18.0,-18.0
C:\Users\piotr\UMISI\bielaszek\islandsEA_student_fork\islands_desync\logs\smoke_descrete_random_topologies\Trp520\s0001 12wr-co12ilu1,Trp5,20,96,8,4,12,worst,12,1,1,15,68,-12.0,-12.0,-18.0,-18.0
C:\Users\piotr\UMISI\bielaszek\islandsEA_student_fork\islands_desync\logs\smoke_descrete_random_topologies\Trp520\s0001 12wr-co12ilu1,Trp5,20,96,8,4,12,worst,12,1,1,16,72,-13.0,-13.0,-18.0,-18.0
C:\Users\piotr\UMISI\bielaszek\islandsEA_student_fork\islands_desync\logs\smoke_descrete_random_topologies\Trp520\s0001 12wr-co12ilu1,Trp5,20,96,8,4,12,worst,12,1,1,17,76,-13.0,-13.0,-18.0,-18.0
C:\Users\piotr\UMISI\bielaszek\islandsEA_student_fork\islands_desync\logs\smoke_descrete_random_topologies\Trp520\s0001 12wr-co12ilu1,Trp5,20,96,8,4,12,worst,12,1,1,18,80,-13.0,-13.0,-19.0,-19.0
C:\Users\piotr\UMISI\bielaszek\islandsEA_student_fork\islands_desync\logs\smoke_descrete_random_topologies\Trp520\s0001 12wr-co12ilu1,Trp5,20,96,8,4,12,worst,12,1,1,19,84,-14.0,-14.0,-19.0,-19.0
C:\Users\piotr\UMISI\bielaszek\islandsEA_student_fork\islands_desync\logs\smoke_descrete_random_topologies\Trp520\s0001 12wr-co12ilu1,Trp5,20,96,8,4,12,worst,12,1,1,20,88,-14.0,-14.0,-19.0,-19.0
C:\Users\piotr\UMISI\bielaszek\islandsEA_student_fork\islands_desync\logs\smoke_descrete_random_topologies\Trp520\s0001 12wr-co12ilu1,Trp5,20,96,8,4,12,worst,12,1,1,21,92,-14.0,-14.0,-19.0,-19.0
C:\Users\piotr\UMISI\bielaszek\islandsEA_student_fork\islands_desync\logs\smoke_descrete_random_topologies\Trp520\s0001 12wr-co12ilu1,Trp5,20,96,8,4,12,worst,12,1,1,22,96,-14.0,-14.0,-19.0,-19.0
C:\Users\piotr\UMISI\bielaszek\islandsEA_student_fork\islands_desync\logs\smoke_descrete_random_topologies\Trp520\s0001 12wr-co12ilu1,Trp5,20,96,8,4,12,worst,12,1,10,1,12,-11.0,-11.0,-14.0,-14.0
C:\Users\piotr\UMISI\bielaszek\islandsEA_student_fork\islands_desync\logs\smoke_descrete_random_topologies\Trp520\s0001 12wr-co12ilu1,Trp5,20,96,8,4,12,worst,12,1,10,2,16,-12.0,-12.0,-14.0,-14.0
C:\Users\piotr\UMISI\bielaszek\islandsEA_student_fork\islands_desync\logs\smoke_descrete_random_topologies\Trp520\s0001 12wr-co12ilu1,Trp5,20,96,8,4,12,worst,12,1,10,3,20,-12.0,-12.0,-16.0,-16.0
C:\Users\piotr\UMISI\bielaszek\islandsEA_student_fork\islands_desync\logs\smoke_descrete_random_topologies\Trp520\s0001 12wr-co12ilu1,Trp5,20,96,8,4,12,worst,12,1,10,4,24,-13.0,-13.0,-16.0,-16.0
C:\Users\piotr\UMISI\bielaszek\islandsEA_student_fork\islands_desync\logs\smoke_descrete_random_topologies\Trp520\s0001 12wr-co12ilu1,Trp5,20,96,8,4,12,worst,12,1,10,5,28,-13.0,-13.0,-16.0,-16.0
C:\Users\piotr\UMISI\bielaszek\islandsEA_student_fork\islands_desync\logs\smoke_descrete_random_topologies\Trp520\s0001 12wr-co12ilu1,Trp5,20,96,8,4,12,worst,12,1,10,6,32,-13.0,-13.0,-16.0,-16.0
C:\Users\piotr\UMISI\bielaszek\islandsEA_student_fork\islands_desync\logs\smoke_descrete_random_topologies\Trp520\s0001 12wr-co12ilu1,Trp5,20,96,8,4,12,worst,12,1,10,7,36,-13.0,-13.0,-16.0,-16.0
C:\Users\piotr\UMISI\bielaszek\islandsEA_student_fork\islands_desync\logs\smoke_descrete_random_topologies\Trp520\s0001 12wr-co12ilu1,Trp5,20,96,8,4,12,worst,12,1,10,8,40,-13.0,-13.0,-18.0,-18.0
C:\Users\piotr\UMISI\bielaszek\islandsEA_student_fork\islands_desync\logs\smoke_descrete_random_topologies\Trp520\s0001 12wr-co12ilu1,Trp5,20,96,8,4,12,worst,12,1,10,9,44,-14.0,-14.0,-18.0,-18.0
C:\Users\piotr\UMISI\bielaszek\islandsEA_student_fork\islands_desync\logs\smoke_descrete_random_topologies\Trp520\s0001 12wr-co12ilu1,Trp5,20,96,8,4,12,worst,12,1,10,10,48,-15.0,-15.0,-18.0,-18.0
C:\Users\piotr\UMISI\bielaszek\islandsEA_student_fork\islands_desync\logs\smoke_descrete_random_topologies\Trp520\s0001 12wr-co12ilu1,Trp5,20,96,8,4,12,worst,12,1,10,11,52,-15.0,-15.0,-18.0,-18.0
C:\Users\piotr\UMISI\bielaszek\islandsEA_student_fork\islands_desync\logs\smoke_descrete_random_topologies\Trp520\s0001 12wr-co12ilu1,Trp5,20,96,8,4,12,worst,12,1,10,12,56,-15.0,-15.0,-18.0,-18.0
C:\Users\piotr\UMISI\bielaszek\islandsEA_student_fork\islands_desync\logs\smoke_descrete_random_topologies\Trp520\s0001 12wr-co12ilu1,Trp5,20,96,8,4,12,worst,12,1,10,13,60,-15.0,-15.0,-18.0,-18.0
C:\Users\piotr\UMISI\bielaszek\islandsEA_student_fork\islands_desync\logs\smoke_descrete_random_topologies\Trp520\s0001 12wr-co12ilu1,Trp5,20,96,8,4,12,worst,12,1,10,14,64,-15.0,-15.0,-18.0,-18.0
C:\Users\piotr\UMISI\bielaszek\islandsEA_student_fork\islands_desync\logs\smoke_descrete_random_topologies\Trp520\s0001 12wr-co12ilu1,Trp5,20,96,8,4,12,worst,12,1,10,15,68,-15.0,-15.0,-18.0,-18.0
C:\Users\piotr\UMISI\bielaszek\islandsEA_student_fork\islands_desync\logs\smoke_descrete_random_topologies\Trp520\s0001 12wr-co12ilu1,Trp5,20,96,8,4,12,worst,12,1,10,16,72,-15.0,-15.0,-18.0,-18.0
C:\Users\piotr\UMISI\bielaszek\islandsEA_student_fork\islands_desync\logs\smoke_descrete_random_topologies\Trp520\s0001 12wr-co12ilu1,Trp5,20,96,8,4,12,worst,12,1,10,17,76,-15.0,-15.0,-18.0,-18.0
C:\Users\piotr\UMISI\bielaszek\islandsEA_student_fork\islands_desync\logs\smoke_descrete_random_topologies\Trp520\s0001 12wr-co12ilu1,Trp5,20,96,8,4,12,worst,12,1,10,18,80,-15.0,-15.0,-19.0,-19.0
C:\Users\piotr\UMISI\bielaszek\islandsEA_student_fork\islands_desync\logs\smoke_descrete_random_topologies\Trp520\s0001 12wr-co12ilu1,Trp5,20,96,8,4,12,worst,12,1,10,19,84,-15.0,-15.0,-19.0,-19.0
C:\Users\piotr\UMISI\bielaszek\islandsEA_student_fork\islands_desync\logs\smoke_descrete_random_topologies\Trp520\s0001 12wr-co12ilu1,Trp5,20,96,8,4,12,worst,12,1,10,20,88,-15.0,-15.0,-19.0,-19.0
C:\Users\piotr\UMISI\bielaszek\islandsEA_student_fork\islands_desync\logs\smoke_descrete_random_topologies\Trp520\s0001 12wr-co12ilu1,Trp5,20,96,8,4,12,worst,12,1,10,21,92,-15.0,-15.0,-19.0,-19.0
C:\Users\piotr\UMISI\bielaszek\islandsEA_student_fork\islands_desync\logs\smoke_descrete_random_topologies\Trp520\s0001 12wr-co12ilu1,Trp5,20,96,8,4,12,worst,12,1,10,22,96,-15.0,-15.0,-19.0,-19.0
C:\Users\piotr\UMISI\bielaszek\islandsEA_student_fork\islands_desync\logs\smoke_descrete_random_topologies\Trp520\s0001 12wr-co12ilu1,Trp5,20,96,8,4,12,worst,12,1,11,1,12,-13.0,-13.0,-14.0,-14.0
C:\Users\piotr\UMISI\bielaszek\islandsEA_student_fork\islands_desync\logs\smoke_descrete_random_topologies\Trp520\s0001 12wr-co12ilu1,Trp5,20,96,8,4,12,worst,12,1,11,2,16,-13.0,-13.0,-14.0,-14.0
C:\Users\piotr\UMISI\bielaszek\islandsEA_student_fork\islands_desync\logs\smoke_descrete_random_topologies\Trp520\s0001 12wr-co12ilu1,Trp5,20,96,8,4,12,worst,12,1,11,3,20,-13.0,-13.0,-16.0,-16.0
C:\Users\piotr\UMISI\bielaszek\islandsEA_student_fork\islands_desync\logs\smoke_descrete_random_topologies\Trp520\s0001 12wr-co12ilu1,Trp5,20,96,8,4,12,worst,12,1,11,4,24,-14.0,-14.0,-16.0,-16.0
C:\Users\piotr\UMISI\bielaszek\islandsEA_student_fork\islands_desync\logs\smoke_descrete_random_topologies\Trp520\s0001 12wr-co12ilu1,Trp5,20,96,8,4,12,worst,12,1,11,5,28,-15.0,-15.0,-16.0,-16.0
C:\Users\piotr\UMISI\bielaszek\islandsEA_student_fork\islands_desync\logs\smoke_descrete_random_topologies\Trp520\s0001 12wr-co12ilu1,Trp5,20,96,8,4,12,worst,12,1,11,6,32,-15.0,-15.0,-16.0,-16.0
C:\Users\piotr\UMISI\bielaszek\islandsEA_student_fork\islands_desync\logs\smoke_descrete_random_topologies\Trp520\s0001 12wr-co12ilu1,Trp5,20,96,8,4,12,worst,12,1,11,7,36,-15.0,-15.0,-16.0,-16.0
C:\Users\piotr\UMISI\bielaszek\islandsEA_student_fork\islands_desync\logs\smoke_descrete_random_topologies\Trp520\s0001 12wr-co12ilu1,Trp5,20,96,8,4,12,worst,12,1,11,8,40,-15.0,-15.0,-18.0,-18.0
C:\Users\piotr\UMISI\bielaszek\islandsEA_student_fork\islands_desync\logs\smoke_descrete_random_topologies\Trp520\s0001 12wr-co12ilu1,Trp5,20,96,8,4,12,worst,12,1,11,9,44,-15.0,-15.0,-18.0,-18.0
C:\Users\piotr\UMISI\bielaszek\islandsEA_student_fork\islands_desync\logs\smoke_descrete_random_topologies\Trp520\s0001 12wr-co12ilu1,Trp5,20,96,8,4,12,worst,12,1,11,10,48,-15.0,-15.0,-18.0,-18.0
C:\Users\piotr\UMISI\bielaszek\islandsEA_student_fork\islands_desync\logs\smoke_descrete_random_topologies\Trp520\s0001 12wr-co12ilu1,Trp5,20,96,8,4,12,worst,12,1,11,11,52,-15.0,-15.0,-18.0,-18.0
C:\Users\piotr\UMISI\bielaszek\islandsEA_student_fork\islands_desync\logs\smoke_descrete_random_topologies\Trp520\s0001 12wr-co12ilu1,Trp5,20,96,8,4,12,worst,12,1,11,12,56,-16.0,-16.0,-18.0,-18.0
C:\Users\piotr\UMISI\bielaszek\islandsEA_student_fork\islands_desync\logs\smoke_descrete_random_topologies\Trp520\s0001 12wr-co12ilu1,Trp5,20,96,8,4,12,worst,12,1,11,13,60,-16.0,-16.0,-18.0,-18.0
C:\Users\piotr\UMISI\bielaszek\islandsEA_student_fork\islands_desync\logs\smoke_descrete_random_topologies\Trp520\s0001 12wr-co12ilu1,Trp5,20,96,8,4,12,worst,12,1,11,14,64,-17.0,-17.0,-18.0,-18.0
C:\Users\piotr\UMISI\bielaszek\islandsEA_student_fork\islands_desync\logs\smoke_descrete_random_topologies\Trp520\s0001 12wr-co12ilu1,Trp5,20,96,8,4,12,worst,12,1,11,15,68,-17.0,-17.0,-18.0,-18.0
C:\Users\piotr\UMISI\bielaszek\islandsEA_student_fork\islands_desync\logs\smoke_descrete_random_topologies\Trp520\s0001 12wr-co12ilu1,Trp5,20,96,8,4,12,worst,12,1,11,16,72,-17.0,-17.0,-18.0,-18.0
C:\Users\piotr\UMISI\bielaszek\islandsEA_student_fork\islands_desync\logs\smoke_descrete_random_topologies\Trp520\s0001 12wr-co12ilu1,Trp5,20,96,8,4,12,worst,12,1,11,17,76,-17.0,-17.0,-18.0,-18.0
C:\Users\piotr\UMISI\bielaszek\islandsEA_student_fork\islands_desync\logs\smoke_descrete_random_topologies\Trp520\s0001 12wr-co12ilu1,Trp5,20,96,8,4,12,worst,12,1,11,18,80,-17.0,-17.0,-19.0,-19.0
C:\Users\piotr\UMISI\bielaszek\islandsEA_student_fork\islands_desync\logs\smoke_descrete_random_topologies\Trp520\s0001 12wr-co12ilu1,Trp5,20,96,8,4,12,worst,12,1,11,19,84,-17.0,-17.0,-19.0,-19.0
C:\Users\piotr\UMISI\bielaszek\islandsEA_student_fork\islands_desync\logs\smoke_descrete_random_topologies\Trp520\s0001 12wr-co12ilu1,Trp5,20,96,8,4,12,worst,12,1,11,20,88,-17.0,-17.0,-19.0,-19.0
C:\Users\piotr\UMISI\bielaszek\islandsEA_student_fork\islands_desync\logs\smoke_descrete_random_topologies\Trp520\s0001 12wr-co12ilu1,Trp5,20,96,8,4,12,worst,12,1,11,21,92,-17.0,-17.0,-19.0,-19.0
C:\Users\piotr\UMISI\bielaszek\islandsEA_student_fork\islands_desync\logs\smoke_descrete_random_topologies\Trp520\s0001 12wr-co12ilu1,Trp5,20,96,8,4,12,worst,12,1,11,22,96,-17.0,-17.0,-19.0,-19.0
C:\Users\piotr\UMISI\bielaszek\islandsEA_student_fork\islands_desync\logs\smoke_descrete_random_topologies\Trp520\s0001 12wr-co12ilu1,Trp5,20,96,8,4,12,worst,12,1,2,1,12,-7.0,-7.0,-14.0,-14.0
C:\Users\piotr\UMISI\bielaszek\islandsEA_student_fork\islands_desync\logs\smoke_descrete_random_topologies\Trp520\s0001 12wr-co12ilu1,Trp5,20,96,8,4,12,worst,12,1,2,2,16,-7.0,-7.0,-14.0,-14.0
C:\Users\piotr\UMISI\bielaszek\islandsEA_student_fork\islands_desync\logs\smoke_descrete_random_topologies\Trp520\s0001 12wr-co12ilu1,Trp5,20,96,8,4,12,worst,12,1,2,3,20,-8.0,-8.0,-16.0,-16.0
C:\Users\piotr\UMISI\bielaszek\islandsEA_student_fork\islands_desync\logs\smoke_descrete_random_topologies\Trp520\s0001 12wr-co12ilu1,Trp5,20,96,8,4,12,worst,12,1,2,4,24,-8.0,-8.0,-16.0,-16.0
C:\Users\piotr\UMISI\bielaszek\islandsEA_student_fork\islands_desync\logs\smoke_descrete_random_topologies\Trp520\s0001 12wr-co12ilu1,Trp5,20,96,8,4,12,worst,12,1,2,5,28,-8.0,-8.0,-16.0,-16.0
C:\Users\piotr\UMISI\bielaszek\islandsEA_student_fork\islands_desync\logs\smoke_descrete_random_topologies\Trp520\s0001 12wr-co12ilu1,Trp5,20,96,8,4,12,worst,12,1,2,6,32,-10.0,-10.0,-16.0,-16.0
C:\Users\piotr\UMISI\bielaszek\islandsEA_student_fork\islands_desync\logs\smoke_descrete_random_topologies\Trp520\s0001 12wr-co12ilu1,Trp5,20,96,8,4,12,worst,12,1,2,7,36,-10.0,-10.0,-16.0,-16.0
C:\Users\piotr\UMISI\bielaszek\islandsEA_student_fork\islands_desync\logs\smoke_descrete_random_topologies\Trp520\s0001 12wr-co12ilu1,Trp5,20,96,8,4,12,worst,12,1,2,8,40,-10.0,-10.0,-18.0,-18.0
C:\Users\piotr\UMISI\bielaszek\islandsEA_student_fork\islands_desync\logs\smoke_descrete_random_topologies\Trp520\s0001 12wr-co12ilu1,Trp5,20,96,8,4,12,worst,12,1,2,9,44,-11.0,-11.0,-18.0,-18.0
C:\Users\piotr\UMISI\bielaszek\islandsEA_student_fork\islands_desync\logs\smoke_descrete_random_topologies\Trp520\s0001 12wr-co12ilu1,Trp5,20,96,8,4,12,worst,12,1,2,10,48,-11.0,-11.0,-18.0,-18.0
C:\Users\piotr\UMISI\bielaszek\islandsEA_student_fork\islands_desync\logs\smoke_descrete_random_topologies\Trp520\s0001 12wr-co12ilu1,Trp5,20,96,8,4,12,worst,12,1,2,11,52,-12.0,-12.0,-18.0,-18.0
C:\Users\piotr\UMISI\bielaszek\islandsEA_student_fork\islands_desync\logs\smoke_descrete_random_topologies\Trp520\s0001 12wr-co12ilu1,Trp5,20,96,8,4,12,worst,12,1,2,12,56,-12.0,-12.0,-18.0,-18.0
C:\Users\piotr\UMISI\bielaszek\islandsEA_student_fork\islands_desync\logs\smoke_descrete_random_topologies\Trp520\s0001 12wr-co12ilu1,Trp5,20,96,8,4,12,worst,12,1,2,13,60,-12.0,-12.0,-18.0,-18.0
C:\Users\piotr\UMISI\bielaszek\islandsEA_student_fork\islands_desync\logs\smoke_descrete_random_topologies\Trp520\s0001 12wr-co12ilu1,Trp5,20,96,8,4,12,worst,12,1,2,14,64,-12.0,-12.0,-18.0,-18.0
C:\Users\piotr\UMISI\bielaszek\islandsEA_student_fork\islands_desync\logs\smoke_descrete_random_topologies\Trp520\s0001 12wr-co12ilu1,Trp5,20,96,8,4,12,worst,12,1,2,15,68,-12.0,-12.0,-18.0,-18.0
C:\Users\piotr\UMISI\bielaszek\islandsEA_student_fork\islands_desync\logs\smoke_descrete_random_topologies\Trp520\s0001 12wr-co12ilu1,Trp5,20,96,8,4,12,worst,12,1,2,16,72,-12.0,-12.0,-18.0,-18.0
C:\Users\piotr\UMISI\bielaszek\islandsEA_student_fork\islands_desync\logs\smoke_descrete_random_topologies\Trp520\s0001 12wr-co12ilu1,Trp5,20,96,8,4,12,worst,12,1,2,17,76,-12.0,-12.0,-18.0,-18.0
C:\Users\piotr\UMISI\bielaszek\islandsEA_student_fork\islands_desync\logs\smoke_descrete_random_topologies\Trp520\s0001 12wr-co12ilu1,Trp5,20,96,8,4,12,worst,12,1,2,18,80,-15.0,-15.0,-19.0,-19.0
C:\Users\piotr\UMISI\bielaszek\islandsEA_student_fork\islands_desync\logs\smoke_descrete_random_topologies\Trp520\s0001 12wr-co12ilu1,Trp5,20,96,8,4,12,worst,12,1,2,19,84,-15.0,-15.0,-19.0,-19.0
C:\Users\piotr\UMISI\bielaszek\islandsEA_student_fork\islands_desync\logs\smoke_descrete_random_topologies\Trp520\s0001 12wr-co12ilu1,Trp5,20,96,8,4,12,worst,12,1,2,20,88,-15.0,-15.0,-19.0,-19.0
C:\Users\piotr\UMISI\bielaszek\islandsEA_student_fork\islands_desync\logs\smoke_descrete_random_topologies\Trp520\s0001 12wr-co12ilu1,Trp5,20,96,8,4,12,worst,12,1,2,21,92,-16.0,-16.0,-19.0,-19.0
C:\Users\piotr\UMISI\bielaszek\islandsEA_student_fork\islands_desync\logs\smoke_descrete_random_topologies\Trp520\s0001 12wr-co12ilu1,Trp5,20,96,8,4,12,worst,12,1,2,22,96,-16.0,-16.0,-19.0,-19.0
C:\Users\piotr\UMISI\bielaszek\islandsEA_student_fork\islands_desync\logs\smoke_descrete_random_topologies\Trp520\s0001 12wr-co12ilu1,Trp5,20,96,8,4,12,worst,12,1,3,1,12,-14.0,-14.0,-14.0,-14.0
C:\Users\piotr\UMISI\bielaszek\islandsEA_student_fork\islands_desync\logs\smoke_descrete_random_topologies\Trp520\s0001 12wr-co12ilu1,Trp5,20,96,8,4,12,worst,12,1,3,2,16,-14.0,-14.0,-14.0,-14.0
C:\Users\piotr\UMISI\bielaszek\islandsEA_student_fork\islands_desync\logs\smoke_descrete_random_topologies\Trp520\s0001 12wr-co12ilu1,Trp5,20,96,8,4,12,worst,12,1,3,3,20,-14.0,-14.0,-16.0,-16.0
C:\Users\piotr\UMISI\bielaszek\islandsEA_student_fork\islands_desync\logs\smoke_descrete_random_topologies\Trp520\s0001 12wr-co12ilu1,Trp5,20,96,8,4,12,worst,12,1,3,4,24,-14.0,-14.0,-16.0,-16.0
C:\Users\piotr\UMISI\bielaszek\islandsEA_student_fork\islands_desync\logs\smoke_descrete_random_topologies\Trp520\s0001 12wr-co12ilu1,Trp5,20,96,8,4,12,worst,12,1,3,5,28,-14.0,-14.0,-16.0,-16.0
C:\Users\piotr\UMISI\bielaszek\islandsEA_student_fork\islands_desync\logs\smoke_descrete_random_topologies\Trp520\s0001 12wr-co12ilu1,Trp5,20,96,8,4,12,worst,12,1,3,6,32,-14.0,-14.0,-16.0,-16.0
C:\Users\piotr\UMISI\bielaszek\islandsEA_student_fork\islands_desync\logs\smoke_descrete_random_topologies\Trp520\s0001 12wr-co12ilu1,Trp5,20,96,8,4,12,worst,12,1,3,7,36,-14.0,-14.0,-16.0,-16.0
C:\Users\piotr\UMISI\bielaszek\islandsEA_student_fork\islands_desync\logs\smoke_descrete_random_topologies\Trp520\s0001 12wr-co12ilu1,Trp5,20,96,8,4,12,worst,12,1,3,8,40,-18.0,-18.0,-18.0,-18.0
C:\Users\piotr\UMISI\bielaszek\islandsEA_student_fork\islands_desync\logs\smoke_descrete_random_topologies\Trp520\s0001 12wr-co12ilu1,Trp5,20,96,8,4,12,worst,12,1,3,9,44,-18.0,-18.0,-18.0,-18.0
C:\Users\piotr\UMISI\bielaszek\islandsEA_student_fork\islands_desync\logs\smoke_descrete_random_topologies\Trp520\s0001 12wr-co12ilu1,Trp5,20,96,8,4,12,worst,12,1,3,10,48,-18.0,-18.0,-18.0,-18.0
C:\Users\piotr\UMISI\bielaszek\islandsEA_student_fork\islands_desync\logs\smoke_descrete_random_topologies\Trp520\s0001 12wr-co12ilu1,Trp5,20,96,8,4,12,worst,12,1,3,11,52,-18.0,-18.0,-18.0,-18.0
C:\Users\piotr\UMISI\bielaszek\islandsEA_student_fork\islands_desync\logs\smoke_descrete_random_topologies\Trp520\s0001 12wr-co12ilu1,Trp5,20,96,8,4,12,worst,12,1,3,12,56,-18.0,-18.0,-18.0,-18.0
C:\Users\piotr\UMISI\bielaszek\islandsEA_student_fork\islands_desync\logs\smoke_descrete_random_topologies\Trp520\s0001 12wr-co12ilu1,Trp5,20,96,8,4,12,worst,12,1,3,13,60,-18.0,-18.0,-18.0,-18.0
C:\Users\piotr\UMISI\bielaszek\islandsEA_student_fork\islands_desync\logs\smoke_descrete_random_topologies\Trp520\s0001 12wr-co12ilu1,Trp5,20,96,8,4,12,worst,12,1,3,14,64,-18.0,-18.0,-18.0,-18.0
C:\Users\piotr\UMISI\bielaszek\islandsEA_student_fork\islands_desync\logs\smoke_descrete_random_topologies\Trp520\s0001 12wr-co12ilu1,Trp5,20,96,8,4,12,worst,12,1,3,15,68,-18.0,-18.0,-18.0,-18.0
C:\Users\piotr\UMISI\bielaszek\islandsEA_student_fork\islands_desync\logs\smoke_descrete_random_topologies\Trp520\s0001 12wr-co12ilu1,Trp5,20,96,8,4,12,worst,12,1,3,16,72,-18.0,-18.0,-18.0,-18.0
C:\Users\piotr\UMISI\bielaszek\islandsEA_student_fork\islands_desync\logs\smoke_descrete_random_topologies\Trp520\s0001 12wr-co12ilu1,Trp5,20,96,8,4,12,worst,12,1,3,17,76,-18.0,-18.0,-18.0,-18.0
C:\Users\piotr\UMISI\bielaszek\islandsEA_student_fork\islands_desync\logs\smoke_descrete_random_topologies\Trp520\s0001 12wr-co12ilu1,Trp5,20,96,8,4,12,worst,12,1,3,18,80,-19.0,-19.0,-19.0,-19.0
C:\Users\piotr\UMISI\bielaszek\islandsEA_student_fork\islands_desync\logs\smoke_descrete_random_topologies\Trp520\s0001 12wr-co12ilu1,Trp5,20,96,8,4,12,worst,12,1,3,19,84,-19.0,-19.0,-19.0,-19.0
C:\Users\piotr\UMISI\bielaszek\islandsEA_student_fork\islands_desync\logs\smoke_descrete_random_topologies\Trp520\s0001 12wr-co12ilu1,Trp5,20,96,8,4,12,worst,12,1,3,20,88,-19.0,-19.0,-19.0,-19.0
C:\Users\piotr\UMISI\bielaszek\islandsEA_student_fork\islands_desync\logs\smoke_descrete_random_topologies\Trp520\s0001 12wr-co12ilu1,Trp5,20,96,8,4,12,worst,12,1,3,21,92,-19.0,-19.0,-19.0,-19.0
C:\Users\piotr\UMISI\bielaszek\islandsEA_student_fork\islands_desync\logs\smoke_descrete_random_topologies\Trp520\s0001 12wr-co12ilu1,Trp5,20,96,8,4,12,worst,12,1,3,22,96,-19.0,-19.0,-19.0,-19.0
C:\Users\piotr\UMISI\bielaszek\islandsEA_student_fork\islands_desync\logs\smoke_descrete_random_topologies\Trp520\s0001 12wr-co12ilu1,Trp5,20,96,8,4,12,worst,12,1,4,1,12,-14.0,-14.0,-14.0,-14.0
C:\Users\piotr\UMISI\bielaszek\islandsEA_student_fork\islands_desync\logs\smoke_descrete_random_topologies\Trp520\s0001 12wr-co12ilu1,Trp5,20,96,8,4,12,worst,12,1,4,2,16,-14.0,-14.0,-14.0,-14.0
C:\Users\piotr\UMISI\bielaszek\islandsEA_student_fork\islands_desync\logs\smoke_descrete_random_topologies\Trp520\s0001 12wr-co12ilu1,Trp5,20,96,8,4,12,worst,12,1,4,3,20,-14.0,-14.0,-16.0,-16.0
C:\Users\piotr\UMISI\bielaszek\islandsEA_student_fork\islands_desync\logs\smoke_descrete_random_topologies\Trp520\s0001 12wr-co12ilu1,Trp5,20,96,8,4,12,worst,12,1,4,4,24,-15.0,-15.0,-16.0,-16.0
C:\Users\piotr\UMISI\bielaszek\islandsEA_student_fork\islands_desync\logs\smoke_descrete_random_topologies\Trp520\s0001 12wr-co12ilu1,Trp5,20,96,8,4,12,worst,12,1,4,5,28,-15.0,-15.0,-16.0,-16.0
C:\Users\piotr\UMISI\bielaszek\islandsEA_student_fork\islands_desync\logs\smoke_descrete_random_topologies\Trp520\s0001 12wr-co12ilu1,Trp5,20,96,8,4,12,worst,12,1,4,6,32,-15.0,-15.0,-16.0,-16.0
C:\Users\piotr\UMISI\bielaszek\islandsEA_student_fork\islands_desync\logs\smoke_descrete_random_topologies\Trp520\s0001 12wr-co12ilu1,Trp5,20,96,8,4,12,worst,12,1,4,7,36,-15.0,-15.0,-16.0,-16.0
C:\Users\piotr\UMISI\bielaszek\islandsEA_student_fork\islands_desync\logs\smoke_descrete_random_topologies\Trp520\s0001 12wr-co12ilu1,Trp5,20,96,8,4,12,worst,12,1,4,8,40,-16.0,-16.0,-18.0,-18.0
C:\Users\piotr\UMISI\bielaszek\islandsEA_student_fork\islands_desync\logs\smoke_descrete_random_topologies\Trp520\s0001 12wr-co12ilu1,Trp5,20,96,8,4,12,worst,12,1,4,9,44,-16.0,-16.0,-18.0,-18.0
C:\Users\piotr\UMISI\bielaszek\islandsEA_student_fork\islands_desync\logs\smoke_descrete_random_topologies\Trp520\s0001 12wr-co12ilu1,Trp5,20,96,8,4,12,worst,12,1,4,10,48,-16.0,-16.0,-18.0,-18.0
C:\Users\piotr\UMISI\bielaszek\islandsEA_student_fork\islands_desync\logs\smoke_descrete_random_topologies\Trp520\s0001 12wr-co12ilu1,Trp5,20,96,8,4,12,worst,12,1,4,11,52,-16.0,-16.0,-18.0,-18.0
C:\Users\piotr\UMISI\bielaszek\islandsEA_student_fork\islands_desync\logs\smoke_descrete_random_topologies\Trp520\s0001 12wr-co12ilu1,Trp5,20,96,8,4,12,worst,12,1,4,12,56,-16.0,-16.0,-18.0,-18.0
C:\Users\piotr\UMISI\bielaszek\islandsEA_student_fork\islands_desync\logs\smoke_descrete_random_topologies\Trp520\s0001 12wr-co12ilu1,Trp5,20,96,8,4,12,worst,12,1,4,13,60,-16.0,-16.0,-18.0,-18.0
C:\Users\piotr\UMISI\bielaszek\islandsEA_student_fork\islands_desync\logs\smoke_descrete_random_topologies\Trp520\s0001 12wr-co12ilu1,Trp5,20,96,8,4,12,worst,12,1,4,14,64,-16.0,-16.0,-18.0,-18.0
C:\Users\piotr\UMISI\bielaszek\islandsEA_student_fork\islands_desync\logs\smoke_descrete_random_topologies\Trp520\s0001 12wr-co12ilu1,Trp5,20,96,8,4,12,worst,12,1,4,15,68,-16.0,-16.0,-18.0,-18.0
C:\Users\piotr\UMISI\bielaszek\islandsEA_student_fork\islands_desync\logs\smoke_descrete_random_topologies\Trp520\s0001 12wr-co12ilu1,Trp5,20,96,8,4,12,worst,12,1,4,16,72,-17.0,-17.0,-18.0,-18.0
C:\Users\piotr\UMISI\bielaszek\islandsEA_student_fork\islands_desync\logs\smoke_descrete_random_topologies\Trp520\s0001 12wr-co12ilu1,Trp5,20,96,8,4,12,worst,12,1,4,17,76,-17.0,-17.0,-18.0,-18.0
C:\Users\piotr\UMISI\bielaszek\islandsEA_student_fork\islands_desync\logs\smoke_descrete_random_topologies\Trp520\s0001 12wr-co12ilu1,Trp5,20,96,8,4,12,worst,12,1,4,18,80,-17.0,-17.0,-19.0,-19.0
C:\Users\piotr\UMISI\bielaszek\islandsEA_student_fork\islands_desync\logs\smoke_descrete_random_topologies\Trp520\s0001 12wr-co12ilu1,Trp5,20,96,8,4,12,worst,12,1,4,19,84,-17.0,-17.0,-19.0,-19.0
C:\Users\piotr\UMISI\bielaszek\islandsEA_student_fork\islands_desync\logs\smoke_descrete_random_topologies\Trp520\s0001 12wr-co12ilu1,Trp5,20,96,8,4,12,worst,12,1,4,20,88,-17.0,-17.0,-19.0,-19.0
C:\Users\piotr\UMISI\bielaszek\islandsEA_student_fork\islands_desync\logs\smoke_descrete_random_topologies\Trp520\s0001 12wr-co12ilu1,Trp5,20,96,8,4,12,worst,12,1,4,21,92,-17.0,-17.0,-19.0,-19.0
C:\Users\piotr\UMISI\bielaszek\islandsEA_student_fork\islands_desync\logs\smoke_descrete_random_topologies\Trp520\s0001 12wr-co12ilu1,Trp5,20,96,8,4,12,worst,12,1,4,22,96,-17.0,-17.0,-19.0,-19.0
C:\Users\piotr\UMISI\bielaszek\islandsEA_student_fork\islands_desync\logs\smoke_descrete_random_topologies\Trp520\s0001 12wr-co12ilu1,Trp5,20,96,8,4,12,worst,12,1,5,1,12,-8.0,-8.0,-14.0,-14.0
C:\Users\piotr\UMISI\bielaszek\islandsEA_student_fork\islands_desync\logs\smoke_descrete_random_topologies\Trp520\s0001 12wr-co12ilu1,Trp5,20,96,8,4,12,worst,12,1,5,2,16,-13.0,-13.0,-14.0,-14.0
C:\Users\piotr\UMISI\bielaszek\islandsEA_student_fork\islands_desync\logs\smoke_descrete_random_topologies\Trp520\s0001 12wr-co12ilu1,Trp5,20,96,8,4,12,worst,12,1,5,3,20,-13.0,-13.0,-16.0,-16.0
C:\Users\piotr\UMISI\bielaszek\islandsEA_student_fork\islands_desync\logs\smoke_descrete_random_topologies\Trp520\s0001 12wr-co12ilu1,Trp5,20,96,8,4,12,worst,12,1,5,4,24,-13.0,-13.0,-16.0,-16.0
C:\Users\piotr\UMISI\bielaszek\islandsEA_student_fork\islands_desync\logs\smoke_descrete_random_topologies\Trp520\s0001 12wr-co12ilu1,Trp5,20,96,8,4,12,worst,12,1,5,5,28,-13.0,-13.0,-16.0,-16.0
C:\Users\piotr\UMISI\bielaszek\islandsEA_student_fork\islands_desync\logs\smoke_descrete_random_topologies\Trp520\s0001 12wr-co12ilu1,Trp5,20,96,8,4,12,worst,12,1,5,6,32,-13.0,-13.0,-16.0,-16.0
C:\Users\piotr\UMISI\bielaszek\islandsEA_student_fork\islands_desync\logs\smoke_descrete_random_topologies\Trp520\s0001 12wr-co12ilu1,Trp5,20,96,8,4,12,worst,12,1,5,7,36,-13.0,-13.0,-16.0,-16.0
C:\Users\piotr\UMISI\bielaszek\islandsEA_student_fork\islands_desync\logs\smoke_descrete_random_topologies\Trp520\s0001 12wr-co12ilu1,Trp5,20,96,8,4,12,worst,12,1,5,8,40,-13.0,-13.0,-18.0,-18.0
C:\Users\piotr\UMISI\bielaszek\islandsEA_student_fork\islands_desync\logs\smoke_descrete_random_topologies\Trp520\s0001 12wr-co12ilu1,Trp5,20,96,8,4,12,worst,12,1,5,9,44,-14.0,-14.0,-18.0,-18.0
C:\Users\piotr\UMISI\bielaszek\islandsEA_student_fork\islands_desync\logs\smoke_descrete_random_topologies\Trp520\s0001 12wr-co12ilu1,Trp5,20,96,8,4,12,worst,12,1,5,10,48,-14.0,-14.0,-18.0,-18.0
C:\Users\piotr\UMISI\bielaszek\islandsEA_student_fork\islands_desync\logs\smoke_descrete_random_topologies\Trp520\s0001 12wr-co12ilu1,Trp5,20,96,8,4,12,worst,12,1,5,11,52,-14.0,-14.0,-18.0,-18.0
C:\Users\piotr\UMISI\bielaszek\islandsEA_student_fork\islands_desync\logs\smoke_descrete_random_topologies\Trp520\s0001 12wr-co12ilu1,Trp5,20,96,8,4,12,worst,12,1,5,12,56,-15.0,-15.0,-18.0,-18.0
C:\Users\piotr\UMISI\bielaszek\islandsEA_student_fork\islands_desync\logs\smoke_descrete_random_topologies\Trp520\s0001 12wr-co12ilu1,Trp5,20,96,8,4,12,worst,12,1,5,13,60,-15.0,-15.0,-18.0,-18.0
C:\Users\piotr\UMISI\bielaszek\islandsEA_student_fork\islands_desync\logs\smoke_descrete_random_topologies\Trp520\s0001 12wr-co12ilu1,Trp5,20,96,8,4,12,worst,12,1,5,14,64,-15.0,-15.0,-18.0,-18.0
C:\Users\piotr\UMISI\bielaszek\islandsEA_student_fork\islands_desync\logs\smoke_descrete_random_topologies\Trp520\s0001 12wr-co12ilu1,Trp5,20,96,8,4,12,worst,12,1,5,15,68,-15.0,-15.0,-18.0,-18.0
C:\Users\piotr\UMISI\bielaszek\islandsEA_student_fork\islands_desync\logs\smoke_descrete_random_topologies\Trp520\s0001 12wr-co12ilu1,Trp5,20,96,8,4,12,worst,12,1,5,16,72,-15.0,-15.0,-18.0,-18.0
C:\Users\piotr\UMISI\bielaszek\islandsEA_student_fork\islands_desync\logs\smoke_descrete_random_topologies\Trp520\s0001 12wr-co12ilu1,Trp5,20,96,8,4,12,worst,12,1,5,17,76,-15.0,-15.0,-18.0,-18.0
C:\Users\piotr\UMISI\bielaszek\islandsEA_student_fork\islands_desync\logs\smoke_descrete_random_topologies\Trp520\s0001 12wr-co12ilu1,Trp5,20,96,8,4,12,worst,12,1,5,18,80,-15.0,-15.0,-19.0,-19.0
C:\Users\piotr\UMISI\bielaszek\islandsEA_student_fork\islands_desync\logs\smoke_descrete_random_topologies\Trp520\s0001 12wr-co12ilu1,Trp5,20,96,8,4,12,worst,12,1,5,19,84,-16.0,-16.0,-19.0,-19.0
C:\Users\piotr\UMISI\bielaszek\islandsEA_student_fork\islands_desync\logs\smoke_descrete_random_topologies\Trp520\s0001 12wr-co12ilu1,Trp5,20,96,8,4,12,worst,12,1,5,20,88,-16.0,-16.0,-19.0,-19.0
C:\Users\piotr\UMISI\bielaszek\islandsEA_student_fork\islands_desync\logs\smoke_descrete_random_topologies\Trp520\s0001 12wr-co12ilu1,Trp5,20,96,8,4,12,worst,12,1,5,21,92,-16.0,-16.0,-19.0,-19.0
C:\Users\piotr\UMISI\bielaszek\islandsEA_student_fork\islands_desync\logs\smoke_descrete_random_topologies\Trp520\s0001 12wr-co12ilu1,Trp5,20,96,8,4,12,worst,12,1,5,22,96,-16.0,-16.0,-19.0,-19.0
C:\Users\piotr\UMISI\bielaszek\islandsEA_student_fork\islands_desync\logs\smoke_descrete_random_topologies\Trp520\s0001 12wr-co12ilu1,Trp5,20,96,8,4,12,worst,12,1,6,1,12,-10.0,-10.0,-14.0,-14.0
C:\Users\piotr\UMISI\bielaszek\islandsEA_student_fork\islands_desync\logs\smoke_descrete_random_topologies\Trp520\s0001 12wr-co12ilu1,Trp5,20,96,8,4,12,worst,12,1,6,2,16,-10.0,-10.0,-14.0,-14.0
C:\Users\piotr\UMISI\bielaszek\islandsEA_student_fork\islands_desync\logs\smoke_descrete_random_topologies\Trp520\s0001 12wr-co12ilu1,Trp5,20,96,8,4,12,worst,12,1,6,3,20,-10.0,-10.0,-16.0,-16.0
C:\Users\piotr\UMISI\bielaszek\islandsEA_student_fork\islands_desync\logs\smoke_descrete_random_topologies\Trp520\s0001 12wr-co12ilu1,Trp5,20,96,8,4,12,worst,12,1,6,4,24,-10.0,-10.0,-16.0,-16.0
C:\Users\piotr\UMISI\bielaszek\islandsEA_student_fork\islands_desync\logs\smoke_descrete_random_topologies\Trp520\s0001 12wr-co12ilu1,Trp5,20,96,8,4,12,worst,12,1,6,5,28,-11.0,-11.0,-16.0,-16.0
C:\Users\piotr\UMISI\bielaszek\islandsEA_student_fork\islands_desync\logs\smoke_descrete_random_topologies\Trp520\s0001 12wr-co12ilu1,Trp5,20,96,8,4,12,worst,12,1,6,6,32,-11.0,-11.0,-16.0,-16.0
C:\Users\piotr\UMISI\bielaszek\islandsEA_student_fork\islands_desync\logs\smoke_descrete_random_topologies\Trp520\s0001 12wr-co12ilu1,Trp5,20,96,8,4,12,worst,12,1,6,7,36,-12.0,-12.0,-16.0,-16.0
C:\Users\piotr\UMISI\bielaszek\islandsEA_student_fork\islands_desync\logs\smoke_descrete_random_topologies\Trp520\s0001 12wr-co12ilu1,Trp5,20,96,8,4,12,worst,12,1,6,8,40,-12.0,-12.0,-18.0,-18.0
C:\Users\piotr\UMISI\bielaszek\islandsEA_student_fork\islands_desync\logs\smoke_descrete_random_topologies\Trp520\s0001 12wr-co12ilu1,Trp5,20,96,8,4,12,worst,12,1,6,9,44,-12.0,-12.0,-18.0,-18.0
C:\Users\piotr\UMISI\bielaszek\islandsEA_student_fork\islands_desync\logs\smoke_descrete_random_topologies\Trp520\s0001 12wr-co12ilu1,Trp5,20,96,8,4,12,worst,12,1,6,10,48,-13.0,-13.0,-18.0,-18.0
C:\Users\piotr\UMISI\bielaszek\islandsEA_student_fork\islands_desync\logs\smoke_descrete_random_topologies\Trp520\s0001 12wr-co12ilu1,Trp5,20,96,8,4,12,worst,12,1,6,11,52,-14.0,-14.0,-18.0,-18.0
C:\Users\piotr\UMISI\bielaszek\islandsEA_student_fork\islands_desync\logs\smoke_descrete_random_topologies\Trp520\s0001 12wr-co12ilu1,Trp5,20,96,8,4,12,worst,12,1,6,12,56,-14.0,-14.0,-18.0,-18.0
C:\Users\piotr\UMISI\bielaszek\islandsEA_student_fork\islands_desync\logs\smoke_descrete_random_topologies\Trp520\s0001 12wr-co12ilu1,Trp5,20,96,8,4,12,worst,12,1,6,13,60,-14.0,-14.0,-18.0,-18.0
C:\Users\piotr\UMISI\bielaszek\islandsEA_student_fork\islands_desync\logs\smoke_descrete_random_topologies\Trp520\s0001 12wr-co12ilu1,Trp5,20,96,8,4,12,worst,12,1,6,14,64,-14.0,-14.0,-18.0,-18.0
C:\Users\piotr\UMISI\bielaszek\islandsEA_student_fork\islands_desync\logs\smoke_descrete_random_topologies\Trp520\s0001 12wr-co12ilu1,Trp5,20,96,8,4,12,worst,12,1,6,15,68,-14.0,-14.0,-18.0,-18.0
C:\Users\piotr\UMISI\bielaszek\islandsEA_student_fork\islands_desync\logs\smoke_descrete_random_topologies\Trp520\s0001 12wr-co12ilu1,Trp5,20,96,8,4,12,worst,12,1,6,16,72,-14.0,-14.0,-18.0,-18.0
C:\Users\piotr\UMISI\bielaszek\islandsEA_student_fork\islands_desync\logs\smoke_descrete_random_topologies\Trp520\s0001 12wr-co12ilu1,Trp5,20,96,8,4,12,worst,12,1,6,17,76,-15.0,-15.0,-18.0,-18.0
C:\Users\piotr\UMISI\bielaszek\islandsEA_student_fork\islands_desync\logs\smoke_descrete_random_topologies\Trp520\s0001 12wr-co12ilu1,Trp5,20,96,8,4,12,worst,12,1,6,18,80,-15.0,-15.0,-19.0,-19.0
C:\Users\piotr\UMISI\bielaszek\islandsEA_student_fork\islands_desync\logs\smoke_descrete_random_topologies\Trp520\s0001 12wr-co12ilu1,Trp5,20,96,8,4,12,worst,12,1,6,19,84,-16.0,-16.0,-19.0,-19.0
C:\Users\piotr\UMISI\bielaszek\islandsEA_student_fork\islands_desync\logs\smoke_descrete_random_topologies\Trp520\s0001 12wr-co12ilu1,Trp5,20,96,8,4,12,worst,12,1,6,20,88,-16.0,-16.0,-19.0,-19.0
C:\Users\piotr\UMISI\bielaszek\islandsEA_student_fork\islands_desync\logs\smoke_descrete_random_topologies\Trp520\s0001 12wr-co12ilu1,Trp5,20,96,8,4,12,worst,12,1,6,21,92,-16.0,-16.0,-19.0,-19.0
C:\Users\piotr\UMISI\bielaszek\islandsEA_student_fork\islands_desync\logs\smoke_descrete_random_topologies\Trp520\s0001 12wr-co12ilu1,Trp5,20,96,8,4,12,worst,12,1,6,22,96,-16.0,-16.0,-19.0,-19.0
C:\Users\piotr\UMISI\bielaszek\islandsEA_student_fork\islands_desync\logs\smoke_descrete_random_topologies\Trp520\s0001 12wr-co12ilu1,Trp5,20,96,8,4,12,worst,12,1,7,1,12,-11.0,-11.0,-14.0,-14.0
C:\Users\piotr\UMISI\bielaszek\islandsEA_student_fork\islands_desync\logs\smoke_descrete_random_topologies\Trp520\s0001 12wr-co12ilu1,Trp5,20,96,8,4,12,worst,12,1,7,2,16,-11.0,-11.0,-14.0,-14.0
C:\Users\piotr\UMISI\bielaszek\islandsEA_student_fork\islands_desync\logs\smoke_descrete_random_topologies\Trp520\s0001 12wr-co12ilu1,Trp5,20,96,8,4,12,worst,12,1,7,3,20,-11.0,-11.0,-16.0,-16.0
C:\Users\piotr\UMISI\bielaszek\islandsEA_student_fork\islands_desync\logs\smoke_descrete_random_topologies\Trp520\s0001 12wr-co12ilu1,Trp5,20,96,8,4,12,worst,12,1,7,4,24,-12.0,-12.0,-16.0,-16.0
C:\Users\piotr\UMISI\bielaszek\islandsEA_student_fork\islands_desync\logs\smoke_descrete_random_topologies\Trp520\s0001 12wr-co12ilu1,Trp5,20,96,8,4,12,worst,12,1,7,5,28,-12.0,-12.0,-16.0,-16.0
C:\Users\piotr\UMISI\bielaszek\islandsEA_student_fork\islands_desync\logs\smoke_descrete_random_topologies\Trp520\s0001 12wr-co12ilu1,Trp5,20,96,8,4,12,worst,12,1,7,6,32,-14.0,-14.0,-16.0,-16.0
C:\Users\piotr\UMISI\bielaszek\islandsEA_student_fork\islands_desync\logs\smoke_descrete_random_topologies\Trp520\s0001 12wr-co12ilu1,Trp5,20,96,8,4,12,worst,12,1,7,7,36,-14.0,-14.0,-16.0,-16.0
C:\Users\piotr\UMISI\bielaszek\islandsEA_student_fork\islands_desync\logs\smoke_descrete_random_topologies\Trp520\s0001 12wr-co12ilu1,Trp5,20,96,8,4,12,worst,12,1,7,8,40,-14.0,-14.0,-18.0,-18.0
C:\Users\piotr\UMISI\bielaszek\islandsEA_student_fork\islands_desync\logs\smoke_descrete_random_topologies\Trp520\s0001 12wr-co12ilu1,Trp5,20,96,8,4,12,worst,12,1,7,9,44,-14.0,-14.0,-18.0,-18.0
C:\Users\piotr\UMISI\bielaszek\islandsEA_student_fork\islands_desync\logs\smoke_descrete_random_topologies\Trp520\s0001 12wr-co12ilu1,Trp5,20,96,8,4,12,worst,12,1,7,10,48,-14.0,-14.0,-18.0,-18.0
C:\Users\piotr\UMISI\bielaszek\islandsEA_student_fork\islands_desync\logs\smoke_descrete_random_topologies\Trp520\s0001 12wr-co12ilu1,Trp5,20,96,8,4,12,worst,12,1,7,11,52,-14.0,-14.0,-18.0,-18.0
C:\Users\piotr\UMISI\bielaszek\islandsEA_student_fork\islands_desync\logs\smoke_descrete_random_topologies\Trp520\s0001 12wr-co12ilu1,Trp5,20,96,8,4,12,worst,12,1,7,12,56,-14.0,-14.0,-18.0,-18.0
C:\Users\piotr\UMISI\bielaszek\islandsEA_student_fork\islands_desync\logs\smoke_descrete_random_topologies\Trp520\s0001 12wr-co12ilu1,Trp5,20,96,8,4,12,worst,12,1,7,13,60,-14.0,-14.0,-18.0,-18.0
C:\Users\piotr\UMISI\bielaszek\islandsEA_student_fork\islands_desync\logs\smoke_descrete_random_topologies\Trp520\s0001 12wr-co12ilu1,Trp5,20,96,8,4,12,worst,12,1,7,14,64,-14.0,-14.0,-18.0,-18.0
C:\Users\piotr\UMISI\bielaszek\islandsEA_student_fork\islands_desync\logs\smoke_descrete_random_topologies\Trp520\s0001 12wr-co12ilu1,Trp5,20,96,8,4,12,worst,12,1,7,15,68,-14.0,-14.0,-18.0,-18.0
C:\Users\piotr\UMISI\bielaszek\islandsEA_student_fork\islands_desync\logs\smoke_descrete_random_topologies\Trp520\s0001 12wr-co12ilu1,Trp5,20,96,8,4,12,worst,12,1,7,16,72,-14.0,-14.0,-18.0,-18.0
C:\Users\piotr\UMISI\bielaszek\islandsEA_student_fork\islands_desync\logs\smoke_descrete_random_topologies\Trp520\s0001 12wr-co12ilu1,Trp5,20,96,8,4,12,worst,12,1,7,17,76,-14.0,-14.0,-18.0,-18.0
C:\Users\piotr\UMISI\bielaszek\islandsEA_student_fork\islands_desync\logs\smoke_descrete_random_topologies\Trp520\s0001 12wr-co12ilu1,Trp5,20,96,8,4,12,worst,12,1,7,18,80,-14.0,-14.0,-19.0,-19.0
C:\Users\piotr\UMISI\bielaszek\islandsEA_student_fork\islands_desync\logs\smoke_descrete_random_topologies\Trp520\s0001 12wr-co12ilu1,Trp5,20,96,8,4,12,worst,12,1,7,19,84,-14.0,-14.0,-19.0,-19.0
C:\Users\piotr\UMISI\bielaszek\islandsEA_student_fork\islands_desync\logs\smoke_descrete_random_topologies\Trp520\s0001 12wr-co12ilu1,Trp5,20,96,8,4,12,worst,12,1,7,20,88,-14.0,-14.0,-19.0,-19.0
C:\Users\piotr\UMISI\bielaszek\islandsEA_student_fork\islands_desync\logs\smoke_descrete_random_topologies\Trp520\s0001 12wr-co12ilu1,Trp5,20,96,8,4,12,worst,12,1,7,21,92,-14.0,-14.0,-19.0,-19.0
C:\Users\piotr\UMISI\bielaszek\islandsEA_student_fork\islands_desync\logs\smoke_descrete_random_topologies\Trp520\s0001 12wr-co12ilu1,Trp5,20,96,8,4,12,worst,12,1,7,22,96,-14.0,-14.0,-19.0,-19.0
C:\Users\piotr\UMISI\bielaszek\islandsEA_student_fork\islands_desync\logs\smoke_descrete_random_topologies\Trp520\s0001 12wr-co12ilu1,Trp5,20,96,8,4,12,worst,12,1,8,1,12,-10.0,-10.0,-14.0,-14.0
C:\Users\piotr\UMISI\bielaszek\islandsEA_student_fork\islands_desync\logs\smoke_descrete_random_topologies\Trp520\s0001 12wr-co12ilu1,Trp5,20,96,8,4,12,worst,12,1,8,2,16,-10.0,-10.0,-14.0,-14.0
C:\Users\piotr\UMISI\bielaszek\islandsEA_student_fork\islands_desync\logs\smoke_descrete_random_topologies\Trp520\s0001 12wr-co12ilu1,Trp5,20,96,8,4,12,worst,12,1,8,3,20,-11.0,-11.0,-16.0,-16.0
C:\Users\piotr\UMISI\bielaszek\islandsEA_student_fork\islands_desync\logs\smoke_descrete_random_topologies\Trp520\s0001 12wr-co12ilu1,Trp5,20,96,8,4,12,worst,12,1,8,4,24,-11.0,-11.0,-16.0,-16.0
C:\Users\piotr\UMISI\bielaszek\islandsEA_student_fork\islands_desync\logs\smoke_descrete_random_topologies\Trp520\s0001 12wr-co12ilu1,Trp5,20,96,8,4,12,worst,12,1,8,5,28,-11.0,-11.0,-16.0,-16.0
C:\Users\piotr\UMISI\bielaszek\islandsEA_student_fork\islands_desync\logs\smoke_descrete_random_topologies\Trp520\s0001 12wr-co12ilu1,Trp5,20,96,8,4,12,worst,12,1,8,6,32,-11.0,-11.0,-16.0,-16.0
C:\Users\piotr\UMISI\bielaszek\islandsEA_student_fork\islands_desync\logs\smoke_descrete_random_topologies\Trp520\s0001 12wr-co12ilu1,Trp5,20,96,8,4,12,worst,12,1,8,7,36,-11.0,-11.0,-16.0,-16.0
C:\Users\piotr\UMISI\bielaszek\islandsEA_student_fork\islands_desync\logs\smoke_descrete_random_topologies\Trp520\s0001 12wr-co12ilu1,Trp5,20,96,8,4,12,worst,12,1,8,8,40,-11.0,-11.0,-18.0,-18.0
C:\Users\piotr\UMISI\bielaszek\islandsEA_student_fork\islands_desync\logs\smoke_descrete_random_topologies\Trp520\s0001 12wr-co12ilu1,Trp5,20,96,8,4,12,worst,12,1,8,9,44,-11.0,-11.0,-18.0,-18.0
C:\Users\piotr\UMISI\bielaszek\islandsEA_student_fork\islands_desync\logs\smoke_descrete_random_topologies\Trp520\s0001 12wr-co12ilu1,Trp5,20,96,8,4,12,worst,12,1,8,10,48,-13.0,-13.0,-18.0,-18.0
C:\Users\piotr\UMISI\bielaszek\islandsEA_student_fork\islands_desync\logs\smoke_descrete_random_topologies\Trp520\s0001 12wr-co12ilu1,Trp5,20,96,8,4,12,worst,12,1,8,11,52,-13.0,-13.0,-18.0,-18.0
C:\Users\piotr\UMISI\bielaszek\islandsEA_student_fork\islands_desync\logs\smoke_descrete_random_topologies\Trp520\s0001 12wr-co12ilu1,Trp5,20,96,8,4,12,worst,12,1,8,12,56,-13.0,-13.0,-18.0,-18.0
C:\Users\piotr\UMISI\bielaszek\islandsEA_student_fork\islands_desync\logs\smoke_descrete_random_topologies\Trp520\s0001 12wr-co12ilu1,Trp5,20,96,8,4,12,worst,12,1,8,13,60,-13.0,-13.0,-18.0,-18.0
C:\Users\piotr\UMISI\bielaszek\islandsEA_student_fork\islands_desync\logs\smoke_descrete_random_topologies\Trp520\s0001 12wr-co12ilu1,Trp5,20,96,8,4,12,worst,12,1,8,14,64,-13.0,-13.0,-18.0,-18.0
C:\Users\piotr\UMISI\bielaszek\islandsEA_student_fork\islands_desync\logs\smoke_descrete_random_topologies\Trp520\s0001 12wr-co12ilu1,Trp5,20,96,8,4,12,worst,12,1,8,15,68,-13.0,-13.0,-18.0,-18.0
C:\Users\piotr\UMISI\bielaszek\islandsEA_student_fork\islands_desync\logs\smoke_descrete_random_topologies\Trp520\s0001 12wr-co12ilu1,Trp5,20,96,8,4,12,worst,12,1,8,16,72,-13.0,-13.0,-18.0,-18.0
C:\Users\piotr\UMISI\bielaszek\islandsEA_student_fork\islands_desync\logs\smoke_descrete_random_topologies\Trp520\s0001 12wr-co12ilu1,Trp5,20,96,8,4,12,worst,12,1,8,17,76,-13.0,-13.0,-18.0,-18.0
C:\Users\piotr\UMISI\bielaszek\islandsEA_student_fork\islands_desync\logs\smoke_descrete_random_topologies\Trp520\s0001 12wr-co12ilu1,Trp5,20,96,8,4,12,worst,12,1,8,18,80,-13.0,-13.0,-19.0,-19.0
C:\Users\piotr\UMISI\bielaszek\islandsEA_student_fork\islands_desync\logs\smoke_descrete_random_topologies\Trp520\s0001 12wr-co12ilu1,Trp5,20,96,8,4,12,worst,12,1,8,19,84,-13.0,-13.0,-19.0,-19.0
C:\Users\piotr\UMISI\bielaszek\islandsEA_student_fork\islands_desync\logs\smoke_descrete_random_topologies\Trp520\s0001 12wr-co12ilu1,Trp5,20,96,8,4,12,worst,12,1,8,20,88,-14.0,-14.0,-19.0,-19.0
C:\Users\piotr\UMISI\bielaszek\islandsEA_student_fork\islands_desync\logs\smoke_descrete_random_topologies\Trp520\s0001 12wr-co12ilu1,Trp5,20,96,8,4,12,worst,12,1,8,21,92,-14.0,-14.0,-19.0,-19.0
C:\Users\piotr\UMISI\bielaszek\islandsEA_student_fork\islands_desync\logs\smoke_descrete_random_topologies\Trp520\s0001 12wr-co12ilu1,Trp5,20,96,8,4,12,worst,12,1,8,22,96,-15.0,-15.0,-19.0,-19.0
C:\Users\piotr\UMISI\bielaszek\islandsEA_student_fork\islands_desync\logs\smoke_descrete_random_topologies\Trp520\s0001 12wr-co12ilu1,Trp5,20,96,8,4,12,worst,12,1,9,1,12,-11.0,-11.0,-14.0,-14.0
C:\Users\piotr\UMISI\bielaszek\islandsEA_student_fork\islands_desync\logs\smoke_descrete_random_topologies\Trp520\s0001 12wr-co12ilu1,Trp5,20,96,8,4,12,worst,12,1,9,2,16,-11.0,-11.0,-14.0,-14.0
C:\Users\piotr\UMISI\bielaszek\islandsEA_student_fork\islands_desync\logs\smoke_descrete_random_topologies\Trp520\s0001 12wr-co12ilu1,Trp5,20,96,8,4,12,worst,12,1,9,3,20,-16.0,-16.0,-16.0,-16.0
C:\Users\piotr\UMISI\bielaszek\islandsEA_student_fork\islands_desync\logs\smoke_descrete_random_topologies\Trp520\s0001 12wr-co12ilu1,Trp5,20,96,8,4,12,worst,12,1,9,4,24,-16.0,-16.0,-16.0,-16.0
C:\Users\piotr\UMISI\bielaszek\islandsEA_student_fork\islands_desync\logs\smoke_descrete_random_topologies\Trp520\s0001 12wr-co12ilu1,Trp5,20,96,8,4,12,worst,12,1,9,5,28,-16.0,-16.0,-16.0,-16.0
C:\Users\piotr\UMISI\bielaszek\islandsEA_student_fork\islands_desync\logs\smoke_descrete_random_topologies\Trp520\s0001 12wr-co12ilu1,Trp5,20,96,8,4,12,worst,12,1,9,6,32,-16.0,-16.0,-16.0,-16.0
C:\Users\piotr\UMISI\bielaszek\islandsEA_student_fork\islands_desync\logs\smoke_descrete_random_topologies\Trp520\s0001 12wr-co12ilu1,Trp5,20,96,8,4,12,worst,12,1,9,7,36,-16.0,-16.0,-16.0,-16.0
C:\Users\piotr\UMISI\bielaszek\islandsEA_student_fork\islands_desync\logs\smoke_descrete_random_topologies\Trp520\s0001 12wr-co12ilu1,Trp5,20,96,8,4,12,worst,12,1,9,8,40,-16.0,-16.0,-18.0,-18.0
C:\Users\piotr\UMISI\bielaszek\islandsEA_student_fork\islands_desync\logs\smoke_descrete_random_topologies\Trp520\s0001 12wr-co12ilu1,Trp5,20,96,8,4,12,worst,12,1,9,9,44,-16.0,-16.0,-18.0,-18.0
C:\Users\piotr\UMISI\bielaszek\islandsEA_student_fork\islands_desync\logs\smoke_descrete_random_topologies\Trp520\s0001 12wr-co12ilu1,Trp5,20,96,8,4,12,worst,12,1,9,10,48,-16.0,-16.0,-18.0,-18.0
C:\Users\piotr\UMISI\bielaszek\islandsEA_student_fork\islands_desync\logs\smoke_descrete_random_topologies\Trp520\s0001 12wr-co12ilu1,Trp5,20,96,8,4,12,worst,12,1,9,11,52,-16.0,-16.0,-18.0,-18.0
C:\Users\piotr\UMISI\bielaszek\islandsEA_student_fork\islands_desync\logs\smoke_descrete_random_topologies\Trp520\s0001 12wr-co12ilu1,Trp5,20,96,8,4,12,worst,12,1,9,12,56,-16.0,-16.0,-18.0,-18.0
C:\Users\piotr\UMISI\bielaszek\islandsEA_student_fork\islands_desync\logs\smoke_descrete_random_topologies\Trp520\s0001 12wr-co12ilu1,Trp5,20,96,8,4,12,worst,12,1,9,13,60,-16.0,-16.0,-18.0,-18.0
C:\Users\piotr\UMISI\bielaszek\islandsEA_student_fork\islands_desync\logs\smoke_descrete_random_topologies\Trp520\s0001 12wr-co12ilu1,Trp5,20,96,8,4,12,worst,12,1,9,14,64,-16.0,-16.0,-18.0,-18.0
C:\Users\piotr\UMISI\bielaszek\islandsEA_student_fork\islands_desync\logs\smoke_descrete_random_topologies\Trp520\s0001 12wr-co12ilu1,Trp5,20,96,8,4,12,worst,12,1,9,15,68,-16.0,-16.0,-18.0,-18.0
C:\Users\piotr\UMISI\bielaszek\islandsEA_student_fork\islands_desync\logs\smoke_descrete_random_topologies\Trp520\s0001 12wr-co12ilu1,Trp5,20,96,8,4,12,worst,12,1,9,16,72,-16.0,-16.0,-18.0,-18.0
C:\Users\piotr\UMISI\bielaszek\islandsEA_student_fork\islands_desync\logs\smoke_descrete_random_topologies\Trp520\s0001 12wr-co12ilu1,Trp5,20,96,8,4,12,worst,12,1,9,17,76,-16.0,-16.0,-18.0,-18.0
C:\Users\piotr\UMISI\bielaszek\islandsEA_student_fork\islands_desync\logs\smoke_descrete_random_topologies\Trp520\s0001 12wr-co12ilu1,Trp5,20,96,8,4,12,worst,12,1,9,18,80,-16.0,-16.0,-19.0,-19.0
C:\Users\piotr\UMISI\bielaszek\islandsEA_student_fork\islands_desync\logs\smoke_descrete_random_topologies\Trp520\s0001 12wr-co12ilu1,Trp5,20,96,8,4,12,worst,12,1,9,19,84,-16.0,-16.0,-19.0,-19.0
C:\Users\piotr\UMISI\bielaszek\islandsEA_student_fork\islands_desync\logs\smoke_descrete_random_topologies\Trp520\s0001 12wr-co12ilu1,Trp5,20,96,8,4,12,worst,12,1,9,20,88,-16.0,-16.0,-19.0,-19.0
C:\Users\piotr\UMISI\bielaszek\islandsEA_student_fork\islands_desync\logs\smoke_descrete_random_topologies\Trp520\s0001 12wr-co12ilu1,Trp5,20,96,8,4,12,worst,12,1,9,21,92,-17.0,-17.0,-19.0,-19.0
C:\Users\piotr\UMISI\bielaszek\islandsEA_student_fork\islands_desync\logs\smoke_descrete_random_topologies\Trp520\s0001 12wr-co12ilu1,Trp5,20,96,8,4,12,worst,12,1,9,22,96,-17.0,-17.0,-19.0,-19.0
